EPCI;LIBEPCI;DEP
200069193;Communauté de communes de la Dombes;01
240100883;Communauté de communes de la Plaine de l'Ain;01
200042497;Communauté de communes Dombes Saône Vallée;01
200040350;Communauté de communes Bugey Sud;01
200042935;Communauté d'agglomération Haut - Bugey Agglomération;01
200071371;Communauté de communes Bresse et Saône;01
200071751;Communauté d'agglomération du Bassin de Bourg-en-Bresse;01
240100610;Communauté de communes de la Côtière à Montluel;01
240100891;Communauté de communes Terre Valserhône;01
200070555;Communauté de communes de la Veyle;01
240100800;Communauté de communes de Miribel et du Plateau;01
200029999;Communauté de communes Rives de l'Ain - Pays du Cerdon;01
240100750;Communauté d'agglomération du Pays de Gex;01
200070118;Communauté de communes Val de Saône Centre;01
200071785;Communauté d'agglomération Chauny-Tergnier-La Fère;02
240200477;Communauté d'agglomération GrandSoissons Agglomération;02
240200469;Communauté de communes du Pays de la Serre;02
240200576;Communauté de communes de la Champagne Picarde;02
200071983;Communauté de communes Thiérache Sambre et Oise;02
240200592;Communauté de communes du Chemin des Dames;02
240200501;Communauté de communes du Val de l'Aisne;02
200040426;Communauté de communes du Val de l'Oise;02
200071991;Communauté de communes Retz-en-Valois;02
240200519;Communauté de communes du Canton d'Oulchy-le-Château;02
200071769;Communauté de communes Picardie des Châteaux;02
200071892;Communauté d'agglomération du Saint-Quentinois;02
240200600;Communauté de communes des Trois Rivières;02
240200634;Communauté de communes des Portes de la Thiérache;02
200072031;Communauté d'agglomération de la Région de Château-Thierry;02
200043495;Communauté d'agglomération du Pays de Laon;02
240200493;Communauté de communes du Pays du Vermandois;02
240200444;Communauté de communes de la Thiérache du Centre;02
240200584;Communauté de communes du Canton de Charly-sur-Marne;02
200071363;Communauté d'agglomération Vichy Communauté;03
200071496;Communauté de communes du Bocage Bourbonnais;03
240300558;Communauté de communes du Pays de Tronçais;03
240300491;Communauté de communes du Pays de Lapalisse;03
240300657;Communauté de communes du Pays d'Huriel;03
200071082;Communauté d'agglomération Montluçon Communauté;03
200071140;Communauté d'agglomération Moulins Communauté;03
240300566;Communauté de communes du Val de Cher;03
200071470;Communauté de communes Entr'Allier Besbre et Loire;03
200071389;Communauté de communes Saint-Pourçain Sioule Limagne;03
200071512;Communauté de communes Commentry Montmarault Néris Communauté;03
200067437;Communauté d'agglomération Provence-Alpes-Agglomération;04
200034700;Communauté d'agglomération Durance-Lubéron-Verdon Agglomération;04
200068625;Communauté de communes Alpes-Provence-Verdon - Sources de Lumière;04
200071025;Communauté de communes Haute-Provence-Pays de Banon;04
200071033;Communauté de communes Jabron-Lure-Vançon-Durance;04
200068765;Communauté de communes du Sisteronais-Buëch;04
200072304;Communauté de communes Vallée de l'Ubaye - Serre-Ponçon;04
240400440;Communauté de communes Pays Forcalquier et Montagne de Lure;04
200067452;Communauté de communes du Guillestrois et du Queyras;05
200068096;Communauté de communes Champsaur-Valgaudemar;05
240500462;Communauté de communes du Pays des Ecrins;05
200067445;Communauté de communes Buëch-Dévoluy;05
200067320;Communauté de communes Serre-Ponçon Val d'Avance;05
200067742;Communauté de communes Serre-Ponçon;05
200067825;Communauté d'agglomération Gap-Tallard-Durance;05
240500439;Communauté de communes du Briançonnais;05
200039931;Communauté de communes Alpes d'Azur;06
200039857;Communauté d'agglomération du Pays de Grasse;06
240600585;Communauté d'agglomération de Sophia Antipolis;06
200030195;Métropole Nice Côte d'Azur;06
240600551;Communauté d'agglomération de la Riviera Française;06
240600593;Communauté de communes du Pays des Paillons;06
200039915;Communauté d'agglomération Cannes Pays de Lérins;06
200041465;Communauté de communes Val Eyrieux;07
200073245;Communauté de communes du Bassin d'Aubenas;07
200071413;Communauté d'agglomération Privas Centre Ardèche;07
200071405;Communauté de communes Ardèche Rhône Coiron;07
200041366;Communauté de communes Rhône Crussol;07
200072015;Communauté d'agglomération Annonay Rhône Agglo;07
200073096;Communauté d'agglomération Arche Agglo;07
200039832;Communauté de communes Pays des Vans en Cévennes;07
200072007;Communauté de communes de la Montagne d'Ardèche;07
200039808;Communauté de communes des Gorges de l'Ardèche;07
200039824;Communauté de communes Ardèche des Sources et Volcans;07
240700302;Communauté de communes du Pays Beaume-Drobie;07
240700815;Communauté de communes Berg et Coiron;07
240700864;Communauté de communes du Rhône aux Gorges de l'Ardèche;07
240700617;Communauté de communes Val de Ligne;07
200016905;Communauté de communes du Pays de Lamastre;07
240700716;Communauté de communes du Val d'Ay;07
200043156;Communauté de communes du Pays Rethélois;08
200041630;Ardenne Métropole;08
240800862;Communauté de communes des Crêtes Préardennaises;08
240800821;Communauté de communes Ardenne, Rives de Meuse;08
240800847;Communauté de communes des Portes du Luxembourg;08
200041622;Communauté de communes Ardennes Thiérache;08
240800920;Communauté de communes de l'Argonne Ardennaise;08
200067759;Communauté de communes Vallées et Plateau d'Ardenne;08
200067940;Communauté de communes Couserans-Pyrénées;09
200044469;Communauté de communes du Pays de Mirepoix;09
240900464;Communauté de communes du Pays d'Olmes;09
200066363;Communauté de communes de la Haute Ariège;09
240900431;Communauté de communes du Pays de Tarascon;09
200067791;Communauté d'agglomération L'agglo Foix-Varilhes;09
200066223;Communauté de communes Arize Lèze;09
200066231;Communauté de communes des Portes d'Ariège Pyrénées;09
241000405;Communauté de communes de la Région de Bar-sur-Aube;10
241000447;Communauté de communes du Pays d'Othe;10
200071777;Communauté de communes d'Arcis, Mailly, Ramerupt;10
200066892;Communauté de communes de Vendeuvre-Soulaines;10
200069003;Communauté de communes du Barséquanais en Champagne;10
200040137;Communauté de communes des Lacs de Champagne;10
200069250;Communauté d'agglomération Troyes Champagne Métropole;10
241000223;Communauté de communes Forêts, Lacs, Terres en Champagne;10
200071041;Communauté de communes du Chaourçois et du Val d'Armance;10
241000488;Communauté de communes de l'Orvin et de l'Ardusson;10
200006716;Communauté de communes du Nogentais;10
200070126;Communauté de communes Seine et Aube;10
200000545;Communauté de communes des Portes de Romilly-sur-Seine;10
200035715;Communauté d'agglomération Carcassonne Agglo;11
200035855;Communauté de communes Castelnaudary Lauragais Audois;11
200071926;Communauté de communes du Limouxin;11
200035863;Communauté de communes Région Lézignanaise, Corbières et Minervois;11
241100593;Communauté d'agglomération Le Grand Narbonne;11
200043776;Communauté de communes Pyrénées Audoises;11
200035707;Communauté de communes Piège Lauragais Malepère;11
200042463;Communauté de communes de la Montagne Noire;11
241200658;Communauté de communes du Pays de Salars;12
241200567;Communauté de communes de Millau Grands Causses;12
241200674;Communauté de communes du Plateau de Montbazens;12
200067064;Communauté de communes Decazeville Communauté;12
241200765;Communauté de communes de Lévézou Pareloup;12
200069383;Communauté de communes Ouest Aveyron Communauté;12
241200625;Communauté de communes du Pays Rignacois;12
200067163;Communauté de communes Monts, Rance et Rougier;12
241200542;Communauté de communes du Réquistanais;12
241200914;Communauté de communes de la Muse et des Raspes du Tarn;12
241200807;Communauté de communes Aveyron Bas Ségala Viaur;12
241200906;Communauté de communes Larzac et Vallées;12
200068484;Communauté de communes des Causses à l'Aubrac;12
200067478;Communauté de communes Comtal Lot et Truyère;12
200068831;Communauté de communes Pays Ségali Communauté;12
200067171;Communauté de communes Aubrac, Carladez et Viadène;12
200067155;Communauté de communes Saint Affricain, Roquefort, Sept Vallons;12
241200641;Communauté de communes Conques-Marcillac;12
241200187;Communauté d'agglomération Rodez Agglomération;12
200054807;Métropole d'Aix-Marseille-Provence;13
241300417;Communauté d'agglomération d'Arles-Crau-Camargue-Montagnette;13
241300375;Communauté de communes Vallée des Baux-Alpilles (CC VBA);13
200035087;Communauté d'agglomération Terre de Provence;13
200066827;Communauté de communes du Pays de Honfleur-Beuzeville;14
241400555;Communauté de communes de Bayeux Intercom;14
200065589;Communauté de communes Val ès Dunes;14
200066728;Communauté de communes Vallées de l'Orne et de l'Odon;14
200069524;Communauté de communes Pré-Bocage Intercom;14
200065563;Communauté de communes Normandie-Cabourg-Pays d'Auge;14
241400860;Communauté de communes Cœur de Nacre;14
241400878;Communauté de communes Terre d'Auge;14
200069516;Communauté de communes Seulles Terre et Mer;14
200066801;Communauté de communes Isigny-Omaha Intercom;14
241400514;Communauté de communes du Pays de Falaise;14
200065597;Communauté urbaine Caen la Mer;14
200066710;Communauté de communes Cingal-Suisse Normande;14
200068799;Communauté de communes Intercom de la Vire au Noireau;14
241400415;Communauté de communes Cœur Côte Fleurie;14
200069532;Communauté d'agglomération Lisieux Normandie;14
200066637;Communauté de communes Hautes Terres Communauté;15
200066660;Saint-Flour Communauté;15
241501139;Communauté de communes du Pays de Salers;15
241501055;Communauté de communes Sumène - Artense;15
241500255;Communauté de communes du Pays Gentiane;15
241500271;Communauté de communes du Pays de Mauriac;15
200066678;Communauté de communes de la Châtaigneraie Cantalienne;15
241500230;Communauté d'agglomération du Bassin d'Aurillac;15
241501089;Communauté de communes Cère et Goul en Carladès;15
200072049;Communauté de communes de Charente Limousine;16
200043016;Communauté de communes Val de Charente;16
200068914;Communauté de communes La Rochefoucauld porte du Périgord;16
200072023;Communauté de communes Cœur de Charente;16
200070514;Communauté d'agglomération du Grand Cognac;16
200029734;Communauté de communes des 4B Sud Charente;16
200071827;Communauté d'agglomération du Grand Angoulême;16
200070282;Communauté de communes Lavalette Tude Dronne;16
241600303;Communauté de communes du Rouillacais;16
200041523;Communauté de communes de la Haute Saintonge;17
200041614;Communauté de communes Aunis Sud;17
200041762;Communauté d'agglomération Rochefort Océan;17
200041499;Communauté de communes Aunis Atlantique;17
241700434;Communauté d'agglomération de La Rochelle;17
200041689;Communauté de communes Vals de Saintonge Communauté;17
241700640;Communauté d'agglomération Royan Atlantique;17
241700459;Communauté de communes de l'Île de Ré;17
241700517;Communauté de communes Cœur de Saintonge;17
241700632;Communauté de communes de Gémozac et de la Saintonge Viticole;17
241700699;Communauté de communes du Bassin de Marennes;17
200036473;Communauté d'agglomération de Saintes - Grandes Rives - L'Agglo;17
241700624;Communauté de communes de l'Île d'Oléron;17
200066330;Communauté de communes Terres du Haut Berry;18
200049484;Communauté de communes Berry Grand Sud;18
241800507;Communauté d'agglomération Bourges Plus;18
200011781;Communauté de communes Portes du Berry entre Loire et Val d'Aubois;18
200000933;Communauté de communes Sauldre et Sologne;18
200032514;Communauté de communes Berry-Loire-Vauvise;18
200036135;Communauté de communes Cœur de France;18
200069227;Communauté de communes Pays Fort Sancerrois Val de Loire;18
241800432;Communauté de communes Les Trois Provinces;18
241800374;Communauté de communes La Septaine;18
241800424;Communauté de communes du Dunois;18
200007177;Communauté de communes Pays de Nérondes;18
200070571;Communauté de communes Cœur de Berry;18
200027076;Communauté de communes Arnon Boischaut Cher;18
241800457;Communauté de communes FerCher;18
200090561;Communauté de communes Vierzon-Sologne-Berry;18
200066645;Communauté de communes Vézère-Monédières-Millesources;19
200066744;Communauté de communes Haute-Corrèze Communauté;19
200066769;Communauté de communes Midi Corrézien;19
200066751;Communauté de communes Xaintrie Val'Dordogne;19
200043172;Communauté d'agglomération du Bassin de Brive;19
241927201;Communauté d'agglomération Tulle Agglo;19
200066603;Communauté de communes du Pays de Lubersac-Pompadour;19
241900133;Communauté de communes de Ventadour - Egletons - Monédières;19
241927243;Communauté de communes du Pays d'Uzerche;19
200070894;Communauté de communes de Gevrey-Chambertin et de Nuits-Saint-Georges;21
200039055;Communauté de communes Ouche et Montagne;21
242100410;Dijon Métropole;21
242101434;Communauté de communes du Pays Châtillonnais;21
200000925;Communauté de communes de la Plaine Dijonnaise;21
200071017;Communauté de communes des Terres d'Auxois;21
242101459;Communauté de communes du Pays d'Alésia et de la Seine;21
200071173;Communauté de communes du Pays Arnay Liernais;21
200006682;Communauté d'agglomération Beaune, Côte et Sud - Communauté Beaune-Chagny-Nolay;21
200071207;Communauté de communes de Pouilly-en-Auxois/Bligny-sur-Ouche;21
200072825;Communauté de communes Mirebellois et Fontenois;21
200069540;Communauté de communes Norge et Tille;21
242101491;Communauté de communes du Montbardois;21
200070902;Communauté de communes Auxonne Pontailler Val de Saône;21
242101509;Communauté de communes Rives de Saône;21
242100154;Communauté de communes des Vallées de la Tille et de l'Ignon;21
200070910;Communauté de communes Tille et Venelle;21
200039063;Communauté de communes Forêts, Seine et Suzon;21
242101442;Communauté de communes Saulieu-Morvan;21
200067460;Communauté de communes Loudéac Communauté - Bretagne Centre;22
200069391;Communauté d'agglomération Lamballe Terre et Mer;22
200068989;Communauté d'agglomération Dinan Agglomération;22
200067981;Communauté d'agglomération Guingamp-Paimpol Agglomération de l'Armor à l'Argoat;22
200065928;Communauté d'agglomération Lannion-Trégor Communauté;22
200069409;Communauté d'agglomération Saint-Brieuc Armor Agglomération;22
200069086;Communauté de communes Leff Armor Communauté;22
242200715;Communauté de communes du Kreiz-Breizh (CCKB);22
200067189;Creuse Sud Ouest;23
200034825;Communauté d'agglomération du Grand Guéret;23
200044014;Communauté de communes Creuse Grand Sud;23
200067593;Communauté de communes Marche et Combraille en Aquitaine;23
242320000;Communauté de communes de Bénévent Grand Bourg;23
242300135;Communauté de communes du Pays Sostranien;23
200041556;Communauté de communes Portes de la Creuse en Marche;23
242320109;Communauté de communes du Pays Dunois;23
200071819;Communauté de communes du Périgord Nontronnais;24
200040392;Communauté d'agglomération Le Grand Périgueux;24
200041150;Communauté de communes Terrassonnais Haut Périgord Noir;24
200034833;Communauté de communes des Bastides Dordogne-Périgord;24
200041051;Communauté de communes Vallée de la Dordogne et Forêt Bessède;24
200040400;Communauté de communes du Périgord Ribéracois;24
242401024;Communauté de communes Isle-Loue-Auvézère en Périgord;24
200040830;Communauté de communes du Pays de Fénelon;24
200041168;Communauté de communes de la Vallée de l'Homme;24
200040889;Communauté de communes de Portes Sud Périgord;24
200069094;Communauté de communes Isle et Crempse en Périgord;24
200040095;Communauté de communes Isle Vern Salembre en Périgord;24
200070647;Communauté d'agglomération Bergeracoise;24
200041440;Communauté de communes de Domme-Villefranche du Périgord;24
200027217;Communauté de communes Sarlat-Périgord Noir;24
200041572;Communauté de communes Dronne et Belle;24
200034197;Communauté de communes de Montaigne Montravel et Gurson;24
242400752;Communauté de communes Périgord-Limousin;24
200040384;Communauté de communes Isle Double Landais;24
242400935;Communauté de communes du Pays de Saint-Aulaye;24
200068070;Communauté de communes Loue-Lison;25
200068294;Communauté de communes des Deux Vallées Vertes;25
200065647;Communauté d'agglomération Pays de Montbéliard Agglomération;25
242504447;Communauté de communes du Doubs Baumois;25
242504181;Communauté de communes des Portes du Haut-Doubs;25
242500320;Communauté de communes entre Doubs et Loue;25
242500361;Communauté urbaine Grand Besançon Métropole;25
242504488;Communauté de communes Altitude 800;25
242504496;Communauté de communes du Plateau de Frasne et du Val du Drugeon (CFD);25
242504355;Communauté de communes du Plateau de Russey;25
200023075;Communauté de communes du Pays de Maîche;25
242504116;Communauté de communes du Val de Morteau;25
242504371;Communauté de communes du Pays de Sancey-Belleherbe;25
200069565;Communauté de communes des Lacs et Montagnes du Haut-Doubs;25
242500338;Communauté de communes du Grand Pontarlier;25
242600534;Communauté de communes du Diois;26
200040491;Communauté de communes Porte de DrômArdèche;26
242600492;Communauté de communes Dieulefit-Bourdeaux;26
200068781;Communauté d'agglomération Valence Romans Agglo;26
200040459;Communauté d'agglomération Montélimar Agglomération;26
242600252;Communauté de communes du Val de Drôme en Biovallée;26
200040509;Communauté de communes du Crestois et de Pays de Saillans Cœur de Drôme;26
200068229;Communauté de communes des Baronnies en Drôme Provençale;26
200042901;Communauté de communes Drôme Sud Provence;26
200067767;Communauté de communes du Royans-Vercors;26
200066413;Communauté de communes Intercom Bernay Terres de Normandie;27
200071454;Communauté d'agglomération Evreux Portes de Normandie;27
200089456;Communauté d'agglomération Seine-Eure;27
200072312;Communauté d'agglomération Seine Normandie Agglomération;27
200066405;Communauté de communes Roumois Seine;27
200066462;Communauté de communes Interco Normandie Sud Eure;27
200071843;Communauté de communes du Vexin Normand;27
200070142;Communauté de communes Lyons Andelle;27
200065787;Communauté de communes de Pont-Audemer / Val de Risle;27
200066017;Communauté de communes Lieuvin Pays d'Auge;27
242700276;Communauté de communes du Pays de Conches;27
242700607;Communauté de communes du Pays du Neubourg;27
200040277;Communauté d'agglomération Agglo du Pays de Dreux;28
200033181;Communauté d'agglomération Chartres Métropole;28
242852465;Communauté de communes du Bonnevalais;28
200070159;Communauté de communes Cœur de Beauce;28
200006971;Communauté de communes du Perche;28
200069961;Communauté de communes du Grand Châteaudun;28
200069953;Communauté de communes des Portes Euréliennes d'Île-de-France;28
200058360;Communauté de communes entre Beauce et Perche;28
200070167;Communauté de communes Terres de Perche;28
200069912;Communauté de communes des Forêts du Perche;28
200066868;Communauté de communes Presqu'île de Crozon-Aulne maritime;29
242900694;Communauté d'agglomération Quimperlé Communauté;29
242900629;Communauté de communes Cap Sizun - Pointe du Raz;29
242900660;Communauté de communes du Pays Fouesnantais;29
200067197;Communauté de communes Monts d'Arrée Communauté;29
242900751;Communauté de communes du Pays de Landivisiau;29
242900314;Brest Métropole;29
242900835;Communauté d'agglomération Morlaix Communauté;29
242900553;Communauté de communes du Pays des Abers;29
242900074;Communauté de communes du Pays d'Iroise;29
200068120;Communauté d'agglomération Quimper Bretagne Occidentale;29
242900793;Communauté de communes Communauté Lesneven Côte des Légendes;29
242900744;Communauté de communes Poher communauté;29
200067247;Communauté de communes Pleyben-Châteaulin-Porzay;29
242900561;Communauté de communes de Haute Cornouaille;29
200067072;Communauté de communes Haut-Léon Communauté;29
242900702;Communauté de communes du Pays Bigouden Sud;29
242900769;Communauté d'agglomération Concarneau Cornouaille Agglomération;29
242900801;Communauté d'agglomération du Pays de Landerneau-Daoulas;29
242900645;Communauté de communes Douarnenez Communauté;29
242900710;Communauté de communes du Haut Pays Bigouden;29
242010056;Communauté d'agglomération du Pays Ajaccien;2A
200038958;Communauté de communes de la Pieve de l'Ornano et du Taravo;2A
242000495;Communauté de communes de l'Alta Rocca;2A
200067049;Communauté de communes Spelunca-Liamone;2A
242010130;Communauté de communes du Sartenais Valinco Taravo;2A
242000503;Communauté de communes Celavu-Prunelli;2A
200040764;Communauté de communes du Sud Corse;2A
200015162;Communauté de communes de l'Oriente;2B
200073138;Communauté de communes Pasquale Paoli;2B
242020105;Communauté de communes de Calvi Balagne;2B
200073120;Communauté de communes Nebbiu - Conca d'Oro;2B
200042943;Communauté de communes du Cap Corse;2B
242000354;Communauté d'agglomération de Bastia;2B
200073104;Communauté de communes de l'Île-Rousse - Balagne;2B
200036499;Communauté de communes de Marana-Golo;2B
200073252;Communauté de communes de la Castagniccia-Casinca;2B
242020071;Communauté de communes du Centre Corse;2B
200034205;Communauté de communes de la Costa Verde;2B
200033827;Communauté de communes de Fium'Orbu Castellu;2B
200034379;Communauté de communes Pays d'Uzès;30
200034411;Communauté de communes du Piémont Cévenol;30
243000650;Communauté de communes Terre de Camargue;30
243000569;Communauté de communes Rhony, Vistre, Vidourle;30
200034692;Communauté d'agglomération du Gard Rhodanien;30
243000593;Communauté de communes de Petite Camargue;30
200066918;Communauté d'agglomération Alès Agglomération;30
200035129;Communauté de communes de Cèze Cévennes;30
243000270;Communauté de communes du Pays Viganais;30
243000684;Communauté de communes du Pont du Gard;30
243000296;Communauté de communes du Pays de Sommières;30
243000585;Communauté de communes Beaucaire Terre d'Argence;30
243000643;Communauté d'agglomération de Nîmes Métropole;30
200034601;Communauté de communes Causses Aigoual Cévennes;30
200072643;Communauté de communes Cœur et Coteaux du Comminges;31
200071298;Communauté de communes des Terres du Lauragais;31
243100518;Toulouse Métropole;31
243100633;Communauté d'agglomération du Sicoval;31
200072635;Communauté de communes Pyrénées Haut Garonnaises;31
200073146;Communauté de communes Cagire Garonne Salat;31
200068807;Communauté de communes du Bassin Auterivain Haut-Garonnais;31
200066819;Communauté de communes du Volvestre;31
243100732;Communauté de communes des Coteaux du Girou;31
200068815;Communauté de communes Cœur de Garonne;31
243100567;Communauté de communes Aux sources du Canal du Midi;31
200071314;Communauté de communes des Hauts-Tolosans;31
243100773;Communauté de communes Val'Aïgo;31
200068641;Communauté d'agglomération Le Muretain Agglo;31
200034957;Communauté de communes du Frontonnais;31
243100815;Communauté de communes des Coteaux Bellevue;31
243100781;Communauté de communes Le Grand Ouest Toulousain;31
200035632;Communauté de communes Armagnac Adour;32
200042372;Communauté de communes des Coteaux Arrats Gimone;32
200066926;Communauté d'agglomération Grand Auch Cœur de Gascogne;32
243200409;Communauté de communes du Bas Armagnac;32
200034726;Communauté de communes Bastides de Lomagne;32
243200508;Communauté de communes Bastides et Vallons du Gers;32
243200425;Communauté de communes Cœur d'Astarac en Gascogne;32
200072320;Communauté de communes Val de Gers;32
200023620;Communauté de communes de la Gascogne Toulousaine;32
200035756;Communauté de communes Astarac Arros en Gascogne;32
243200458;Communauté de communes du Grand Armagnac;32
243200607;Communauté de communes Artagnan de Fezensac;32
243200417;Communauté de communes de la Tenarèze;32
243200391;Communauté de communes de la Lomagne Gersoise;32
243200599;Communauté de communes du Saves;32
200070092;Communauté d'agglomération du Libournais;33
200044394;Communauté de communes du Réolais en Sud Gironde;33
243300316;Bordeaux Métropole;33
243301504;Communauté d'agglomération du Bassin d'Arcachon Nord;33
243300811;Communauté de communes de l'Estuaire;33
200069581;Communauté de communes Convergence Garonne;33
200069599;Communauté de communes rurales de l'Entre-Deux-Mers;33
243300563;Communauté d'agglomération Bassin d'Arcachon Sud (COBAS);33
243301447;Communauté de communes Médoc Estuaire;33
200035533;Communauté de communes du Grand Saint-Émilionnais;33
243301397;Communauté de communes du Fronsadais;33
200043982;Communauté de communes du Bazadais;33
243301223;Communauté de communes du Grand Cubzaguais;33
243301371;Communauté de communes du Pays Foyen;33
243301389;Communauté de communes Médullienne;33
243301264;Communauté de communes de Montesquieu;33
200043974;Communauté de communes du Sud Gironde;33
243301215;Communauté de communes du Créonnais;33
243301405;Communauté de communes du Val de l'Eyre;33
243301439;Communauté de communes des Portes de l'Entre-Deux-Mers;33
200023794;Communauté de communes de Blaye;33
200069995;Communauté de communes Médoc Cœur de Presqu'île;33
243301249;Communauté de communes Les Rives de la Laurence;33
243301355;Communauté de communes Les Coteaux Bordelais;33
243301454;Communauté de communes Castillon/Pujols;33
243301165;Communauté de communes Jalle-Eau-Bourde;33
200070720;Communauté de communes Médoc Atlantique;33
243301181;Communauté de communes Latitude Nord Gironde;33
200071058;Communauté de communes Les Avant-Monts;34
243400819;Communauté d'agglomération Hérault-Méditerranée;34
200066348;Communauté de communes du Minervois au Caroux;34
243400736;Communauté de communes des Cévennes Gangeoises et Suménoises;34
200042646;Communauté de communes Grand Orb communauté de communes en Languedoc;34
243400769;Communauté d'agglomération de Béziers-Méditerranée;34
243400694;Communauté de communes Vallée de l'Hérault;34
243400355;Communauté de communes du Clermontais;34
200022986;Communauté de communes du Grand Pic Saint-Loup;34
200042653;Communauté de communes Sud-Hérault;34
243400017;Montpellier Méditerranée Métropole;34
200066355;Communauté d'agglomération Sète Agglopôle Méditerranée;34
243400520;Communauté d'agglomération Lunel Agglo;34
200017341;Communauté de communes Lodévois et Larzac;34
243400470;Communauté d'agglomération du Pays de l'Or;34
243400488;Communauté de communes La Domitienne;34
243500139;Rennes Métropole;35
243500634;Communauté de communes Roche aux Fées Communauté;35
243500667;Communauté de communes Val d'Ille-Aubigné;35
200070688;Communauté de communes Couesnon Marches de Bretagne;35
200039022;Communauté d'agglomération Vitré Communauté;35
200070670;Communauté de communes du Pays de Dol et de la Baie du Mont Saint-Michel;35
200070662;Communauté de communes Bretagne porte de Loire Communauté;35
243500741;Communauté d'agglomération Redon Agglomération;35
200043990;Communauté de communes Vallons de Haute-Bretagne Communauté;35
243500733;Communauté de communes Bretagne Romantique;35
200072452;Communauté d'agglomération Fougères Agglomération;35
243500550;Communauté de communes Montfort Communauté;35
200038990;Communauté de communes de Saint-Méen Montauban;35
243500774;Communauté de communes Liffré-Cormier Communauté;35
243500618;Communauté de communes Brocéliande Communauté;35
243500782;Communauté d'agglomération du Pays de Saint Malo Agglomération;35
243500659;Communauté de communes Pays de Châteaugiron Communauté;35
243500725;Communauté de communes Côte d'Émeraude;35
200007052;Communauté de communes de la Marche Berrichonne;36
200068880;Communauté de communes Champagne Boischauts;36
243600202;Communauté de communes Chabris - Pays de Bazelle;36
243600327;Communauté d'agglomération Châteauroux Métropole;36
200068872;Communauté de communes Éguzon - Argenton - Vallée de la Creuse;36
243600301;Communauté de communes Val de l'Indre - Brenne;36
200035848;Communauté de communes du Châtillonnais en Berry;36
243600343;Communauté de communes Cœur de Brenne;36
243600293;Communauté de communes Levroux Boischaut Champagne;36
200035137;Communauté de communes Marche Occitane - Val d'Anglin;36
243600350;Communauté de communes de la Châtre et Sainte-Sévère;36
243600319;Communauté de communes Brenne - Val de Creuse;36
243600236;Communauté de communes du Pays d'Issoudun;36
200018521;Communauté de communes du Val de Bouzanne;36
200040558;Communauté de communes Écueillé-Valençay;36
200071587;Communauté de communes Loches Sud Touraine;37
200072981;Communauté de communes Touraine Ouest Val de Loire;37
200043065;Communauté de communes du Val d'Amboise;37
200043081;Communauté de communes Chinon, Vienne et Loire;37
200072668;Communauté de communes Touraine Val de Vienne;37
200072650;Communauté de communes Touraine Vallée de l'Indre;37
243700820;Communauté de communes Autour de Chenonceaux Bléré-Val de Cher;37
243700499;Communauté de communes du Castelrenaudais;37
200073161;Communauté de communes Touraine-Est Vallées;37
243700754;Tours Métropole Val de Loire;37
200073237;Communauté de communes de Gâtine-Racan;37
200068567;Communauté de communes Les Vals du Dauphiné;38
200018166;Communauté de communes Le Grésivaudan;38
200085751;Communauté de communes Entre Bièvre et Rhône;38
200070431;Communauté de communes Saint-Marcellin Vercors Isère Communauté;38
243800745;Communauté de communes de l'Oisans;38
200040657;Communauté de communes de la Matheysine;38
200068542;Communauté de communes Les Balcons du Dauphiné;38
243800935;Communauté de communes Lyon Saint Exupéry en Dauphiné;38
243801073;Communauté de communes de Bièvre Est;38
200059392;Communauté de communes Bièvre Isère;38
200030658;Communauté de communes du Trièves;38
243800984;Communauté d'agglomération du Pays Voironnais;38
243801255;Communauté de communes Collines Isère Nord Communauté;38
243800604;Communauté d'agglomération Porte de l'Isère (CAPI);38
200040715;Grenoble-Alpes-Métropole;38
200077014;Communauté d'agglomération Vienne Condrieu;38
243801024;Communauté de communes du Massif du Vercors;38
200040111;Communauté de communes Cœur de Chartreuse;38
200010650;Communauté d'agglomération du Grand Dole;39
200071595;Communauté de communes Arbois, Poligny, Salins, Cœur du Jura;39
200090579;Communauté de communes Terre d'Émeraude Communauté;39
200069623;Communauté de communes Champagnole Nozeroy Jura;39
243901089;Communauté de communes de la Plaine Jurassienne;39
200069615;Communauté de communes Bresse Haute Seille;39
200072056;Communauté de communes Porte du Jura;39
243900420;Communauté de communes du Val d'Amour;39
200026573;Communauté de communes Haut-Jura Saint-Claude;39
243900560;Communauté de communes Jura Nord;39
200071116;Communauté d'agglomération ECLA  (Espace Communautaire Lons Agglomération);39
243900479;Communauté de communes Haut-Jura Arcade Communauté;39
243900354;Communauté de communes de la Station des Rousses-Haut Jura;39
243900610;Communauté de communes La Grandvallière;39
200030435;Communauté de communes d'Aire-sur-l'Adour;40
244000881;Communauté de communes Coteaux et Vallées des Luys;40
244000675;Communauté d'agglomération du Grand Dax;40
244000865;Communauté de communes Maremne Adour Côte Sud;40
200069649;Communauté de communes Chalosse Tursan;40
244000691;Communauté de communes du Pays Morcenais;40
200069656;Communauté de communes Cœur Haute Lande;40
244000824;Communauté de communes du Pays Grenadois;40
244000774;Communauté de communes du Pays de Villeneuve en Armagnac Landais;40
200035541;Communauté de communes des Landes d'Armagnac;40
244000766;Communauté de communes du Pays Tarusate;40
244000543;Communauté de communes de Mimizan;40
200069631;Communauté de communes Terres de Chalosse;40
200069417;Communauté de communes Pays d'Orthe et Arrigans;40
244000808;Mont de Marsan Agglomération;40
244000659;Communauté de communes du Seignanx;40
244000873;Communauté de communes des Grands Lacs;40
244000857;Communauté de communes Côte Landes Nature;40
200072072;Communauté d'agglomération Territoires Vendômois;41
200072064;Communauté de communes Val-de-Cher-Controis;41
200055481;Communauté de communes Beauce Val de Loire;41
200030385;Communauté d'agglomération de Blois «Agglopolys»;41
244100293;Communauté de communes des Collines du Perche;41
244100798;Communauté de communes du Grand Chambord;41
200018406;Communauté de communes du Romorantinais et du Monestois;41
200040772;Communauté de communes du Perche et Haut Vendômois;41
200000800;Communauté de communes Cœur de Sologne;41
244100780;Communauté de communes de la Sologne des Étangs;41
244100806;Communauté de communes de la Sologne des Rivières;41
244200770;Saint-Etienne Métropole;42
200065886;Communauté d'agglomération Loire Forez Agglomération;42
200035731;Communauté d'agglomération Roannais Agglomération;42
200035202;Communauté de communes Charlieu-Belmont;42
200065894;Communauté de communes de Forez-Est;42
244200622;Communauté de communes des Monts du Pilat;42
244200895;Communauté de communes du Pilat Rhodanien;42
244200614;Communauté de communes des Vals d'Aix et Isable;42
244200820;Communauté de communes du Pays d'Urfé;42
244200630;Communauté de communes du Pays entre Loire et Rhône;42
200085728;Communauté de communes Brioude Sud Auvergne;43
200073419;Communauté d'agglomération du Puy-en-Velay;43
200073401;Communauté de communes Mézenc-Loire-Meygal;43
244301123;Communauté de communes des Pays de Cayres et de Pradelles;43
200073393;Communauté de communes des Rives du Haut Allier;43
244301016;Communauté de communes des Sucs;43
244301131;Communauté de communes Loire et Semène;43
244301099;Communauté de communes Auzon Communauté;43
200073427;Communauté de communes Marches du Velay-Rochebaron;43
244301107;Communauté de communes du Haut-Lignon;43
244300307;Communauté de communes Haut Pays du Velay Communauté;43
244400537;Communauté de communes de Nozay;44
200067635;Communauté d'agglomération Clisson Sèvre et Maine Agglo;44
244400552;Communauté de communes du Pays d'Ancenis;44
200067346;Communauté d'agglomération Pornic Agglo Pays de Retz;44
244400610;Communauté d'agglomération de la Presqu'île de Guérande Atlantique (Cap Atlantique);44
244400404;Nantes Métropole;44
244400644;Communauté d'agglomération de la Région Nazairienne et de l'Estuaire (CARENE);44
244400438;Communauté de communes Grand Lieu Communauté;44
244400453;Communauté de communes Pays de Blain Communauté;44
200067866;Communauté de communes Sèvre et Loire;44
200072734;Communauté de communes Estuaire et Sillon;44
244400503;Communauté de communes d'Erdre et Gesvres;44
200072726;Communauté de communes Châteaubriant-Derval;44
244400586;Communauté de communes du Sud Estuaire;44
200000438;Communauté de communes du Pays de Pontchâteau Saint-Gildas-des-Bois;44
200071546;Communauté de communes Sud Retz Atlantique;44
200068278;Communauté de communes Berry Loire Puisaye;45
200067676;Communauté de communes Canaux et Forêts en Gâtinais;45
244500203;Communauté d'agglomération Montargoise et Rives du Loing (AME);45
244500542;Communauté de communes de la Plaine du Nord Loiret;45
200005932;Communauté de communes des Portes de Sologne;45
200035764;Communauté de communes de la Beauce Loirétaine;45
244500484;Communauté de communes de la Forêt;45
200066280;Communauté de communes du Pithiverais;45
200071850;Communauté de communes du Pithiverais-Gâtinais;45
200070183;Communauté de communes des Terres du Val de Loire;45
200067668;Communauté de communes de la Cléry, du Betz et de l'Ouanne;45
244500419;Communauté de communes des Quatre Vallées;45
244500468;Orléans Métropole;45
244500211;Communauté de communes Giennoises;45
200070100;Communauté de communes du Val de Sully;45
244500427;Communauté de communes des Loges;45
244600433;Communauté de communes de la Vallée du Lot et du Vignoble;46
200067361;Communauté de communes Grand-Figeac;46
200066371;Communauté de communes Causses et Vallée de la Dordogne;46
244600482;Communauté de communes Quercy - Bouriane;46
200023737;Communauté d'agglomération du Grand Cahors;46
200035327;Communauté de communes Cazals-Salviac;46
244600532;Communauté de communes du Pays de Lalbenque-Limogne;46
244600573;Communauté de communes du Causse de Labastide-Murat;46
200039519;Communauté de communes du Quercy Blanc;46
200096956;Communauté d'agglomération Agglomération d'Agen;47
200030674;Communauté d'agglomération Val de Garonne Agglomération;47
244700464;Communauté de communes du Pays de Lauzun;47
200068922;Communauté de communes du Confluent et des Coteaux de Prayssas;47
200023307;Communauté d'agglomération du Grand Villeneuvois;47
244701355;Communauté de communes des Coteaux et Landes de Gascogne;47
200068948;Communauté de communes Albret Communauté;47
200068930;Communauté de communes Fumel Vallée du Lot;47
244700449;Communauté de communes du Pays de Duras;47
200036523;Communauté de communes des Bastides en Haut Agenais Périgord;47
244701405;Communauté de communes Lot et Tolzac;47
200069144;Communauté de communes des Hautes Terres de l'Aubrac;48
200069185;Communauté de communes des Terres d'Apcher-Margeride-Aubrac;48
200069128;Communauté de communes Mont Lozère;48
244800470;Communauté de communes du Gévaudan;48
200069102;Communauté de communes Randon - Margeride;48
200006930;Communauté de communes du Haut Allier Margeride;48
244800405;Communauté de communes Cœur de Lozère;48
200069268;Aubrac Lot Causses Tarn;48
200069151;Communauté de communes Gorges Causses Cévennes;48
200069136;Communauté de communes des Cévennes au Mont Lozère;48
200071876;Communauté d'agglomération Saumur Val de Loire;49
244900015;Communauté urbaine Angers Loire Métropole;49
244900809;Communauté de communes Anjou Bleu Communauté;49
200071553;Communauté de communes Loire Layon Aubance;49
200068955;Communauté de communes Anjou Loir et Sarthe;49
244900882;Communauté de communes Baugeois Vallée;49
200060010;Communauté d'agglomération Mauges Communauté;49
200071868;Communauté de communes des Vallées du Haut-Anjou;49
200071678;Communauté d'agglomération Cholet Agglomération;49
200066389;Communauté d'agglomération Saint-Lô Agglo;50
200067023;Communauté de communes Coutances Mer et Bocage;50
200042604;Communauté de communes de Granville, Terre et Mer;50
200067205;Communauté d'agglomération du Cotentin;50
200042729;Communauté de communes de la Baie du Cotentin;50
200069425;Communauté d'agglomération Mont-Saint-Michel-Normandie;50
200067031;Communauté de communes Côte Ouest Centre Manche;50
200043354;Communauté de communes de Villedieu Intercom;50
200034718;Communauté de communes de Vitry, Champagne et Der;51
200066850;Communauté de communes des Paysages de la Champagne;51
200066876;Communauté d'agglomération de Châlons-en-Champagne;51
200066835;Communauté de communes de Sézanne-Sud Ouest Marnais;51
200067379;Communauté de communes Côtes de Champagne et Val de Saulx;51
245100615;Communauté de communes de la Grande Vallée de la Marne;51
245100979;Communauté de communes du Sud Marnais;51
200067213;Communauté urbaine du Grand Reims;51
200042703;Communauté de communes de l'Argonne Champenoise;51
200042992;Communauté de communes Perthois-Bocage et Der;51
200067684;Communauté d'agglomération Épernay, Coteaux et Plaine de Champagne;51
245100888;Communauté de communes de la Brie Champenoise;51
200043438;Communauté de communes de la Moivre à la Coole;51
200042620;Communauté de communes de la Région de Suippes;51
200068658;Communauté d'agglomération de Chaumont;52
200070332;Communauté de communes des Savoir-Faire;52
200069664;Communauté de communes Meuse Rognon;52
200044253;Communauté de communes du Bassin de Joinville en Champagne;52
245200597;Communauté de communes des Trois Forêts;52
200068666;Communauté d'agglomération Grand Saint-Dizier, Der et Vallées;52
200072999;Communauté de communes du Grand Langres;52
200027308;Communauté de communes d'Auberive Vingeanne et Montsaugeonnais;52
200083392;Communauté d'agglomération Laval Agglomération;53
200055887;Communauté de communes Mayenne Communauté;53
245300389;Communauté de communes du Bocage Mayennais;53
245300355;Communauté de communes de l'Ernée;53
245300223;Communauté de communes du Pays de Meslay-Grez;53
200033298;Communauté de communes des Coëvrons;53
200048551;Communauté de communes du Pays de Craon;53
200042182;Communauté de communes du Mont des Avaloirs;53
245300447;Communauté de communes du Pays de Château-Gontier;53
200070589;Communauté de communes de Seille et Grand Couronné;54
200070845;Communauté de communes Orne Lorraine Confluences;54
245400510;Communauté de communes du Pays de Colombey et du Sud Toulois;54
200035772;Communauté de communes du Pays du Saintois;54
200070563;Communauté de communes Terres Touloises;54
200043693;Communauté de communes Terre Lorraine du Longuyonnais;54
200069433;Communauté de communes de Vezouze en Piémont;54
200070290;Communauté de communes Coeur du Pays Haut;54
245400759;Communauté de communes du Pays du Sanon;54
200070738;Communauté de communes Mad et Moselle;54
245400676;Métropole du Grand Nancy;54
200041515;Communauté de communes du Bassin de Pont-à-Mousson;54
245400189;Communauté de communes des Pays du Sel et du Vermois;54
200070324;Communauté de communes du Territoire de Lunéville à Baccarat;54
245400171;Communauté de communes Moselle et Madon;54
200067643;Communauté de communes Meurthe Mortagne Moselle;54
245400601;Communauté de communes du Bassin de Pompey;54
245400262;Grand Longwy Agglomération;54
200066108;Communauté de communes des Portes de Meuse;55
245501242;Communauté de communes du Pays d'Étain;55
200066132;Communauté de communes du Pays de Stenay et du Val Dunois;55
200066165;Communauté de communes Val de Meuse - Voie Sacrée;55
200066173;Communauté de communes de Damvillers Spincourt;55
245501184;Communauté de communes du Pays de Revigny-sur-Ornain;55
200034874;Communauté de communes Côtes de Meuse Woëvre;55
200066116;Communauté de communes Argonne-Meuse;55
200066140;Communauté de communes de l'Aire à l'Argonne;55
245501176;Communauté de communes du Territoire de Fresnes-en-Woëvre;55
245501259;Communauté de communes du Pays de Montmédy;55
245500327;Communauté de communes du Sammiellois;55
200033025;Communauté d'agglomération de Bar-le-Duc - Sud Meuse;55
200049187;Communauté d'agglomération du Grand Verdun;55
200066157;Communauté de communes de Commercy - Void - Vaucouleurs;55
200027027;Communauté de communes Arc Sud Bretagne;56
200067932;Communauté d'agglomération Golfe du Morbihan - Vannes Agglomération;56
200066785;Communauté de communes de l'Oust à Brocéliande;56
200043123;Communauté de communes Auray Quiberon Terre Atlantique;56
245600465;Communauté de communes de Belle-Île-en-Mer;56
200096675;Communauté de communes Baud Communauté;56
245614417;Communauté de communes Roi Morvan Communauté;56
245614383;Communauté de communes Questembert Communauté;56
200096683;Communauté de communes Centre Morbihan Communauté;56
200042174;Communauté d'agglomération Lorient Agglomération;56
245614433;Communauté de communes Pontivy Communauté;56
200066777;Ploërmel Communauté;56
245600440;Blavet Bellevue Océan Communauté;56
245701354;Communauté de communes de l'Arc Mosellan;57
245701206;Communauté de communes du Saulnois;57
200068146;Communauté de communes Sarrebourg Moselle Sud;57
200069441;Communauté de communes du Pays de Bitche;57
245700133;Communauté de communes du District Urbain de Faulquemont;57
245701222;Communauté d'agglomération du Val de Fensch;57
245700372;Communauté d'agglomération de Forbach Porte de France;57
200067502;Communauté d'agglomération Saint-Avold Synergie;57
200067486;Communauté de communes Bouzonvillois-Trois Frontières;57
200039865;Metz Métropole;57
245701271;Communauté de communes du Pays Orne Moselle;57
200039907;Communauté de communes du Sud Messin;57
245701362;Communauté d'agglomération Portes de France-Thionville;57
200039949;Communauté de communes Rives de Moselle;57
245700950;Communauté de communes du Pays de Phalsbourg;57
245701404;Communauté de communes du Pays Haut Val d'Alzette;57
200067650;Communauté de communes Houve-Pays Boulageois;57
245700398;Communauté de communes de Freyming-Merlebach;57
200067957;Communauté de communes Haut Chemin-Pays de Pange;57
245700695;Communauté de communes de Cattenom et Environs;57
245701164;Communauté de communes du Warndt;57
200070746;Communauté d'agglomération Sarreguemines Confluences;57
200067882;Communauté de communes Bazois Loire Morvan;58
200067916;Communauté de communes Cœur de Loire;58
200067890;Communauté de communes Morvan Sommets et Grands Lacs;58
200067692;Communauté de communes Tannay-Brinon-Corbigny;58
200067908;Communauté de communes Amognes Cœur du Nivernais;58
200068088;Communauté de communes Les Bertranges;58
200067429;Communauté de communes Haut Nivernais-Val d'Yonne;58
200067700;Communauté de communes Sud Nivernais;58
245804497;Communauté de communes du Nivernais Bourbonnais;58
245804406;Communauté d'agglomération de Nevers;58
245801063;Communauté de communes Loire et Allier;58
200068500;Communauté d'agglomération de Cambrai;59
200042190;Communauté d'agglomération de la Porte du Hainaut;59
200043396;Communauté d'agglomération Maubeuge Val de Sambre;59
200041960;Communauté de communes Pévèle-Carembault;59
200093201;Métropole Européenne de Lille;59
200043321;Communauté de communes du Pays de Mormal;59
200044618;Communauté d'agglomération Douaisis Agglo;59
245901152;Communauté d'agglomération Cœur d'Ostrevent;59
200043404;Communauté de communes du Sud Avesnois;59
245901160;Communauté d'agglomération Valenciennes Métropole;59
245900428;Communauté urbaine de Dunkerque;59
200040947;Communauté d'agglomération Cœur de Flandre;59
200043263;Communauté de communes Cœur de l'Avesnois;59
200030633;Communauté d'agglomération du Caudrésis et du Catésis;59
200040954;Communauté de communes des Hauts de Flandre;59
245901038;Communauté de communes du Pays Solesmois;59
245900758;Communauté de communes Flandre Lys;59
246000848;Communauté de communes de la Picardie Verte;60
200067973;Communauté de communes Thelloise;60
200068005;Communauté de communes de l'Oise Picarde;60
246000871;Communauté de communes du Pays de Valois;60
246000921;Communauté de communes des Pays d'Oise et d'Halatte;60
246000376;Communauté de communes du Clermontois;60
246000566;Communauté de communes du Plateau Picard;60
200067999;Communauté d'agglomération du Beauvaisis;60
246000582;Communauté de communes des Sablons;60
246000855;Communauté de communes du Pays des Sources;60
246000756;Communauté de communes du Pays Noyonnais;60
246000764;Communauté de communes de l'Aire Cantilienne;60
200067965;Communauté d'agglomération de la Région de Compiègne et de la Basse Automne;60
246000897;Communauté de communes de la Plaine d'Estrées;60
246000749;Communauté de communes des Lisières de l'Oise;60
200066975;Communauté de communes Senlis Sud Oise;60
246000129;Communauté de communes du Liancourtois;60
246000772;Communauté de communes des Deux Vallées;60
246000913;Communauté de communes du Pays de Bray;60
246000707;Communauté de communes du Vexin-Thelle;60
200068047;Communauté d'agglomération Creil Sud Oise;60
246100663;Communauté urbaine d'Alençon;61
200035111;Communauté de communes des Sources de l'Orne;61
200071504;Communauté de communes des Collines du Perche Normand;61
200068450;Communauté de communes Terres d'Argentan Interco;61
200035814;Communauté d'agglomération Flers Agglo;61
200068468;Communauté de communes des Pays de L'Aigle;61
200069458;Communauté de communes des Vallées d'Auge et du Merlerault;61
200035103;Communauté de communes de la Vallée de la Haute Sarthe;61
200071520;Communauté de communes Domfront Tinchebray Interco;61
246100390;Communauté de communes du Val d'Orne;61
200036069;Communauté de communes du Pays de Mortagne au Perche;61
200068856;Communauté de communes des Hauts du Perche;61
200071652;Communauté de communes du Pays Fertois et du Bocage Carrougien;61
200068435;Communauté de communes Cœur du Perche;61
200068443;Communauté de communes Andaine - Passais;61
246200364;Communauté d'agglomération de Lens - Liévin;62
200035442;Communauté de communes du Sud-Artois;62
200033579;Communauté urbaine d'Arras;62
246201016;Communauté de communes du Pays de Lumbres;62
200069482;Communauté de communes des Campagnes de l'Artois;62
200069037;Communauté d'agglomération du Pays de Saint-Omer;62
200069029;Communauté d'agglomération des Deux Baies en Montreuillois;62
200069235;Communauté de communes du Haut Pays du Montreuillois;62
200044030;Communauté de communes des 7 Vallées;62
200072478;Communauté de communes Pays d'Opale;62
200018083;Communauté de communes de Desvres-Samer;62
200072460;Communauté d'agglomération de Béthune-Bruay, Artois-Lys Romane;62
246200380;Communauté de communes de la Terre des Deux Caps;62
200069672;Communauté de communes du Ternois;62
200044048;Communauté de communes Osartis Marquion;62
200090751;Communauté d'agglomération Grand Calais Terres et Mers;62
246200844;Communauté de communes de la Région d'Audruicq;62
246200729;Communauté d'agglomération du Boulonnais;62
246200299;Communauté d'agglomération d'Hénin-Carvin;62
200071199;Communauté de communes Plaine Limagne;63
200070761;Communauté de communes Ambert Livradois Forez;63
200072098;Communauté de communes Combrailles Sioule et Morge;63
200070407;Communauté d'agglomération Agglo Pays d'Issoire;63
200070712;Communauté de communes Thiers Dore et Montagne;63
200072080;Communauté de communes du Pays de Saint-Éloy;63
246300701;Clermont Auvergne Métropole;63
200069169;Communauté de communes Dômes Sancy Artense;63
200069177;Communauté de communes Mond'Arverne Communauté;63
200067627;Communauté de communes Billom Communauté;63
246300966;Communauté de communes du Massif du Sancy;63
246301097;Communauté de communes Entre Dore et Allier;63
200071215;Communauté de communes Chavanon Combrailles et Volcans;63
200070753;Communauté d'agglomération Riom Limagne et Volcans;63
200067296;Communauté de communes du Nord Est Béarn;64
200039204;Communauté de communes de Lacq-Orthez;64
200067288;Communauté de communes du Béarn des Gaves;64
200067262;Communauté de communes du Haut Béarn;64
200067106;Communauté d'agglomération du Pays Basque;64
246401756;Communauté de communes Pays de Nay;64
200067254;Communauté d'agglomération Pau Béarn Pyrénées;64
200067239;Communauté de communes des Luys en Béarn;64
246400337;Communauté de communes de la Vallée d'Ossau;64
200070811;Communauté de communes Pyrénées Vallées des Gaves;65
200069300;Communauté d'agglomération Tarbes-Lourdes-Pyrénées;65
246500573;Communauté de communes Aure Louron;65
200072106;Communauté de communes Adour Madiran;65
200070829;Communauté de communes Neste Barousse;65
200070795;Communauté de communes du Pays de Trie et du Magnoac;65
246500482;Communauté de communes de la Haute-Bigorre;65
200070787;Communauté de communes du Plateau de Lannemezan;65
200070803;Communauté de communes des Coteaux du Val d'Arros;65
246600373;Communauté de communes du Vallespir;66
246600282;Communauté de communes Sud-Roussillon;66
246600548;Communauté de communes du Haut Vallespir;66
246600464;Communauté de communes Pyrénées catalanes;66
246600399;Communauté de communes Pyrénées Cerdagne;66
246600423;Communauté de communes Agly Fenouillèdes;66
200049211;Communauté de communes Conflent-Canigó;66
200043602;Communauté de communes des Albères, de la Côte Vermeille et de l'Illibéris;66
200027183;Communauté urbaine Perpignan Méditerranée Métropole;66
246600449;Communauté de communes des Aspres;66
246600415;Communauté de communes Roussillon-Conflent;66
200070365;Communauté de communes Corbières Salanque Méditerranée;66
246700488;Eurométropole de Strasbourg;67
200067841;Communauté de communes de l'Alsace Bossue;67
246700777;Communauté de communes de la Vallée de Villé;67
200068112;Communauté de communes du Pays de Saverne;67
246700959;Communauté de communes du Pays de la Zorn;67
246701064;Communauté de communes de la Région de Molsheim-Mutzig;67
200034270;Communauté de communes du Pays de Barr;67
200030526;Communauté de communes du Ried de Marckolsheim;67
200040178;Communauté de communes de l'Outre-Forêt;67
200068864;Communauté de communes de la Mossig et du Vignoble;67
246700967;Communauté de communes de Sélestat;67
246700306;Communauté de communes de la Vallée de la Bruche;67
200067874;Communauté d'agglomération de Haguenau;67
200041283;Communauté de communes de la Plaine du Rhin;67
200067924;Communauté de communes du Canton d'Erstein;67
246701080;Communauté de communes du Pays de Sainte-Odile;67
200034635;Communauté de communes du Kochersberg;67
200013050;Communauté de communes Sauer-Pechelbronn;67
246700843;Communauté de communes de la Basse-Zorn;67
200067783;Communauté de communes de Hanau-La Petite Pierre;67
246700744;Communauté de communes des Portes de Rosheim;67
246700926;Communauté de communes du Pays de Wissembourg;67
200041325;Communauté de communes du Pays Rhénan;67
246701098;Communauté de communes du Pays de Niederbronn-les-Bains;67
200066025;Communauté de communes Alsace Rhin Brisach;68
200066033;Communauté de communes Sud Alsace Largue;68
200066041;Communauté de communes Sundgau;68
246800551;Communauté de communes de la Vallée de Kaysersberg;68
246800726;Communauté d'agglomération Colmar Agglomération;68
200036465;Communauté de communes de Thann-Cernay;68
200066058;Communauté d'agglomération Saint-Louis Agglomération;68
246800577;Communauté de communes du Pays de Ribeauvillé;68
200066009;Communauté d'agglomération Mulhouse Alsace Agglomération;68
246800569;Communauté de communes de la Région de Guebwiller;68
246800445;Communauté de communes du Centre du Haut-Rhin;68
246800585;Communauté de communes de la Vallée de Munster;68
246800676;Communauté de communes de la Vallée de la Doller et du Soultzbach;68
246800494;Communauté de communes du Pays de Rouffach, Vignobles et Châteaux;68
246800205;Communauté de communes de la Vallée de Saint-Amarin;68
246800395;Communauté de communes du Val d'Argent;68
200040566;Communauté d'agglomération de l'Ouest Rhodanien;69
200067817;Communauté de communes Saône-Beaujolais;69
200046977;Métropole de Lyon;69
200040574;Communauté de communes Beaujolais Pierres Dorées;69
246900625;Communauté de communes du Pays de l'Arbresle (CCPA);69
200040590;Communauté d'agglomération Villefranche Beaujolais Saône;69
200066587;Communauté de communes des Monts du Lyonnais;69
246900757;Communauté de communes de la Vallée du Garon (CCVG);69
246900724;Communauté de communes des Vallons du Lyonnais (CCVL);69
246900740;Communauté de communes du Pays Mornantais (COPAMO);69
246900765;Communauté de communes du Pays de l'Ozon;69
246900575;Communauté de communes de l'Est Lyonnais (CCEL);69
200041861;Communauté de communes du Triangle Vert;70
200036150;Communauté de communes des Hauts du Val de Saône;70
247000623;Communauté de communes des Quatre Rivières;70
247000714;Communauté de communes du Pays de Villersexel;70
200041721;Communauté de communes de la Haute Comté;70
247000854;Communauté de communes des 1000 étangs;70
200041879;Communauté de communes Terres de Saône;70
247000664;Communauté de communes du Pays de Lure;70
200036549;Communauté de communes Val de Gray;70
247000011;Communauté d'agglomération de Vesoul;70
247000698;Communauté de communes des Monts de Gy;70
247000367;Communauté de communes des Combes;70
247000706;Communauté de communes du Pays Riolais;70
200041853;Communauté de communes du Pays de Montbozon et du Chanois;70
200041887;Communauté de communes du Val Marnaysien;70
247000755;Communauté de communes du Pays de Luxeuil;70
247000722;Communauté de communes du Pays d'Héricourt;70
247000821;Communauté de communes Rahin et Chérimont;70
200071538;Communauté de communes Terres de Bresse;71
247100589;Communauté d'agglomération Le Grand Chalon;71
200040038;Communauté de communes Saône Doubs Bresse;71
200070548;Communauté de communes Brionnais Sud Bourgogne;71
200040293;Communauté de communes du Clunisois;71
200070530;Communauté de communes du Grand Autunois Morvan;71
247100639;Communauté de communes de Marcigny;71
247100647;Communauté de communes Bresse Nord Intercom';71
200070308;Communauté d'agglomération Mâconnais Beaujolais Agglomération;71
200071884;Communauté de communes Le Grand Charolais;71
247103765;Communauté de communes Entre Saône et Grosne;71
200042414;Communauté de communes Bresse Revermont 71;71
247104094;Communauté de communes Sud Côte Chalonnaise;71
200069698;Communauté de communes Mâconnais - Tournugeois;71
247100290;Communauté urbaine Le Creusot Montceau-les-Mines;71
200070316;Communauté de communes Entre Arroux, Loire et Somme;71
200071645;Communauté de communes Saint Cyr Mère Boitier entre Charolais et Mâconnais;71
200071579;Communauté de communes Bresse Louhannaise Intercom';71
247103864;Communauté de communes de Semur-en-Brionnais;71
247200132;Communauté urbaine Le Mans Métropole;72
200072676;Communauté de communes Maine Saosnois;72
200040475;LBN Communauté;72
200072700;Communauté de communes Haute Sarthe Alpes Mancelles;72
200072684;Communauté de communes Le Gesnois Bilurien;72
247200348;Communauté de communes du Pays Fléchois;72
247200090;Communauté de communes du Pays Sabolien;72
200073112;Communauté de communes Sud Sarthe;72
247200686;Communauté de communes du Pays de l'Huisne Sarthoise;72
200068963;Communauté de communes Maine Cœur de Sarthe;72
200070373;Communauté de communes Loir-Lucé-Bercé;72
200072692;Communauté de communes des Vallées de la Braye et de l'Anille;72
247200421;Communauté de communes du Sud Est Manceau;72
247200629;Communauté de communes du Val de Sarthe;72
200072718;Communauté de communes de la Champagne Conlinoise et du Pays de Sillé;72
247200447;Communauté de communes Orée de Bercé - Belinois;72
247300668;Communauté de communes du Lac d'Aiguebelette (CCLA);73
247300015;Communauté de communes des Vallées d'Aigueblanche;73
200069110;Communauté d'agglomération du Grand Chambéry;73
247300817;Communauté de communes Les Versants d'Aime;73
247300676;Communauté de communes Porte de Maurienne;73
200068674;Communauté d'agglomération Grand Lac;73
200068997;Communauté d'agglomération Arlysère;73
200070464;Communauté de communes Cœur de Maurienne Arvan;73
200040798;Communauté de communes Val Vanoise;73
200041010;Communauté de communes Cœur de Savoie;73
200070340;Communauté de communes Haute Maurienne Vanoise;73
247300528;Communauté de communes Val Guiers;73
247300262;Communauté de communes de Yenne;73
247300254;Communauté de communes de Haute-Tarentaise;73
247300361;Communauté de communes du Canton de La Chambre;73
200023299;Communauté de communes Cœur de Tarentaise;73
247300452;Communauté de communes Maurienne Galibier;73
200071967;Communauté de communes Pays d'Évian Vallée d'Abondance;74
200066793;Communauté d'agglomération du Grand Annecy;74
247400617;Communauté de communes des Vallées de Thônes;74
200067551;Communauté d'agglomération Thonon Agglomération;74
247400112;Communauté de communes du Pays de Cruseilles;74
247400724;Communauté de communes du Pays Rochois;74
200011773;Communauté d'agglomération Annemasse-Les Voirons-Agglomération;74
200033116;Communauté de communes Cluses-Arve et Montagnes;74
247400583;Communauté de communes Arve et Salève;74
247400690;Communauté de communes du Genevois;74
200000172;Communauté de communes Faucigny-Glières;74
247400567;Communauté de communes Fier et Usses;74
200070852;Communauté de communes Usses et Rhône;74
247400682;Communauté de communes du Haut-Chablais;74
247400740;Communauté de communes Rumilly Terre de Savoie;74
247400047;Communauté de communes de la Vallée Verte;74
200023372;Communauté de communes de la Vallée de Chamonix-Mont-Blanc;74
200034098;Communauté de communes des Montagnes du Giffre;74
247400773;Communauté de communes des Sources du Lac d'Annecy;74
200034882;Communauté de communes Pays du Mont-Blanc;74
247400666;Communauté de communes des Quatre Rivières;74
200054781;Métropole du Grand Paris;75
247600620;Communauté de communes Yvetot Normandie;76
200010700;Communauté d'agglomération Caux Seine Agglo;76
200068534;Communauté de communes Terroir de Caux;76
200023414;Métropole Rouen Normandie;76
200069847;Communauté de communes Plateau de Caux;76
200070449;Communauté de communes Inter-Caux-Vexin;76
247600786;Communauté d'agglomération de la Région Dieppoise;76
200069839;Communauté de communes de la Côte d'Albâtre;76
200069821;Communauté d'agglomération Fécamp Caux Littoral Agglomération;76
247600505;Communauté de communes Campagne-de-Caux;76
200084952;Communauté urbaine Le Havre Seine Métropole;76
200070068;Communauté de communes Communauté Bray-Eawy;76
200069730;Communauté de communes des Quatre Rivières en Bray;76
200069722;Communauté de communes interrégionale Aumale - Blangy-sur-Bresle;76
247600729;Communauté de communes Falaises du Talou;76
247600604;Communauté de communes de Londinières;76
247600646;Communauté de communes Caux - Austreberthe;76
247600588;Communauté de communes des Villes Sœurs;76
200072346;Communauté d'agglomération du Pays de Fontainebleau;77
200090504;Communauté d'agglomération Coulommiers Pays de Brie;77
200023240;Communauté de communes Pays de Nemours;77
200070779;Communauté de communes Brie des Rivières et Châteaux;77
200033090;Communauté de communes Plaines et Monts de France;77
247700065;Communauté de communes du Pays de l'Ourcq;77
200023919;Communauté de communes Gâtinais Val de Loing;77
247700701;Communauté de communes Brie Nangissienne;77
200037133;Communauté de communes du Provinois;77
200040251;Communauté de communes Bassée-Montois;77
247700339;Communauté d'agglomération Val d'Europe Agglomération;77
247700107;Communauté de communes Pays de Montereau;77
200072130;Communauté d'agglomération du Pays de Meaux;77
200072544;Communauté de communes des Deux Morin;77
200072874;Communauté de communes Val Briard;77
247700057;Communauté d'agglomération Melun Val de Seine;77
247700644;Communauté de communes l'Orée de la Brie;77
200057958;Communauté d'agglomération Paris - Vallée de la Marne;77
247700594;Communauté d'agglomération Marne et Gondoire;77
247700032;Communauté de communes Moret Seine et Loing;77
200023125;Communauté de communes Les Portes Briardes entre Villes et Forêts;77
200073344;Communauté d'agglomération Rambouillet Territoires;78
200059889;Communauté urbaine Grand Paris Seine et Oise;78
247800550;Communauté de communes du Pays Houdanais (CCPH);78
200058519;Communauté d'agglomération Saint Germain Boucles de Seine;78
200034130;Communauté de communes Gally Mauldre;78
247800618;Communauté de communes Cœur d'Yvelines;78
247800584;Communauté d'agglomération Versailles Grand Parc (CAVGP);78
200071074;Communauté de communes Les Portes de l'Ile de France;78
200033173;Communauté de communes de la Haute Vallée de Chevreuse;78
200058782;Communauté d'agglomération de Saint-Quentin-en-Yvelines;78
200040244;Communauté d'agglomération du Bocage Bressuirais;79
200041333;Communauté de communes de Parthenay-Gâtine;79
200041317;Communauté d'agglomération du Niortais;79
200041416;Communauté de communes Airvaudais-Val du Thouet;79
200069748;Communauté de communes Val de Gâtine;79
247900798;Communauté de communes du Thouarsais;79
200069755;Communauté de communes Mellois en Poitou;79
200041994;Communauté de communes Haut Val de Sèvre;79
200070993;Communauté d'agglomération de la Baie de Somme;80
200070928;Communauté de communes Terre de Picardie;80
248000747;Communauté de communes du Pays du Coquelicot;80
200070944;Communauté de communes du Vimeu;80
200070951;Communauté de communes du Territoire Nord Picardie;80
200070936;Communauté de communes Ponthieu-Marquenterre;80
200070969;Communauté de communes Avre Luce Noye;80
200071223;Communauté de communes Nièvre et Somme;80
200071181;Communauté de communes Somme Sud-Ouest;80
200037059;Communauté de communes de la Haute Somme (Combles - Péronne - Roisel);80
248000531;Communauté d'agglomération Amiens Métropole;80
200070977;Communauté de communes du Grand Roye;80
200070985;Communauté de communes de l'Est de la Somme;80
248000499;Communauté de communes du Val de Somme;80
248100158;Communauté de communes du Sor et de l'Agout;81
248100430;Communauté d'agglomération de Castres Mazamet;81
200034031;Communauté de communes des Monts d'Alban et du Villefranchois;81
248100737;Communauté d'agglomération de l'Albigeois (C2A);81
248100745;Communauté de communes Thoré Montagne Noire;81
200066124;Communauté d'agglomération Gaillac-Graulhet;81
200040905;Communauté de communes Carmausin-Ségala;81
200034064;Communauté de communes du Cordais et du Causse (4 C);81
200034023;Communauté de communes Tarn-Agout;81
248100497;Communauté de communes Val 81;81
200066553;Communauté de communes du Haut-Languedoc;81
200034049;Communauté de communes Centre Tarn;81
200066561;Communauté de communes Sidobre Vals et Plateaux;81
200034056;Communauté de communes du Lautrécois et du Pays d'Agout;81
248200099;Communauté d'agglomération Grand Montauban;82
200066884;Communauté de communes Quercy Vert-Aveyron;82
200066322;Communauté de communes Terres des Confluences;82
248200065;Communauté de communes de la Lomagne Tarn-et-Garonnaise;82
200066652;Communauté de communes Grand Sud Tarn et Garonne;82
248200057;Communauté de communes du Quercy Caussadais;82
248200016;Communauté de communes des Deux Rives;82
200067122;Communauté de communes du Pays de Lafrançaise;82
200040418;Communauté de communes du Pays de Serres en Quercy;82
248200107;Communauté de communes du Quercy Rouergue et des Gorges de l'Aveyron;82
200035319;Communauté d'agglomération Estérel Côte d'Azur Agglomération;83
200040210;Communauté de communes Lacs et Gorges du Verdon;83
248300493;Communauté d'agglomération Dracénie Provence Verdon Agglomération;83
200040202;Communauté de communes Provence Verdon;83
200004802;Communauté de communes du Pays de Fayence;83
248300394;Communauté d'agglomération Sud Sainte Baume;83
248300410;Communauté de communes de la Vallée du Gapeau;83
248300550;Communauté de communes Cœur du Var;83
200027100;Communauté de communes Méditerranée Porte des Maures;83
200068104;Communauté d'agglomération de la Provence Verte;83
248300543;Métropole Toulon-Provence-Méditerranée;83
200036077;Communauté de communes du Golfe de Saint-Tropez;83
248400293;Communauté d'agglomération des Sorgues du Comtat;84
248400285;Communauté de communes Territoriale Sud-Luberon;84
200040624;Communauté de communes Pays d'Apt-Luberon;84
248400053;Communauté d'agglomération Ventoux-Comtat-Venaissin (COVE);84
200035723;Communauté de communes Ventoux Sud;84
248400251;Communauté d'agglomération du Grand Avignon (COGA);84
200040442;Communauté d'agglomération Luberon Monts de Vaucluse;84
200000628;Communauté de communes Rhône Lez Provence;84
248400335;Communauté de communes Vaison Ventoux;84
248400236;Communauté de communes Pays d'Orange en Provence;84
248400160;Communauté de communes Aygues-Ouvèze en Provence (CCAOP);84
248400319;Communauté de communes du Pays des Sorgues et des Monts de Vaucluse;84
200040681;Communauté de communes Enclave des Papes-Pays de Grignan;84
200073260;Communauté de communes Sud Vendée Littoral;85
200023778;Communauté d'agglomération du Pays de Saint-Gilles-Croix-de-Vie;85
200072882;Communauté de communes de Vie et Boulogne;85
200071900;Communauté de communes Vendée Grand Littoral;85
248500415;Communauté de communes du Pays de la Châtaigneraie;85
248500589;Communauté d'agglomération La Roche-sur-Yon Agglomération;85
200071934;Communauté de communes Pays de Fontenay-Vendée;85
248500191;Communauté de communes de l'Île de Noirmoutier;85
248500258;Communauté de communes Océan Marais de Monts;85
200071918;Communauté de communes du Pays de Saint-Fulgent - Les Essarts;85
248500530;Communauté de communes du Pays des Achards;85
248500621;Communauté de communes du Pays des Herbiers;85
200071629;Communauté de communes Challans-Gois Communauté;85
248500563;Communauté de communes Vendée, Sèvre, Autise;85
200070233;Communauté d'agglomération Terres de Montaigu;85
248500464;Communauté de communes du Pays de Pouzauges;85
248500340;Communauté de communes Pays de Chantonnay;85
248500662;Communauté de communes du Pays de Mortagne;85
200071165;Communauté d'agglomération Les Sables d'Olonne Agglomération;85
200070043;Communauté de communes Vienne et Gartempe;86
200069763;Communauté de communes du Haut-Poitou;86
200070035;Communauté de communes du Civraisien en Poitou;86
248600413;Communauté d'agglomération Grand Châtellerault;86
248600447;Communauté de communes du Pays Loudunais;86
200043628;Communauté de communes des Vallées du Clain;86
200069854;Communauté urbaine du Grand Poitiers;86
248719288;Communauté de communes du Val de Vienne;87
200066512;Communauté de communes Élan Limousin Avenir Nature;87
200071942;Communauté de communes Haut Limousin en Marche;87
248719353;Communauté de communes des Portes de Vassivière;87
248719312;Communauté urbaine Limoges Métropole;87
248719262;Communauté de communes Gartempe - Saint-Pardoux;87
200070506;Communauté de communes Pays de Nexon Monts de Chalus;87
200059400;Communauté de communes Porte Océane du Limousin;87
248700189;Communauté de communes du Pays de Saint-Yrieix;87
200066520;Communauté de communes Ouest Limousin;87
248719361;Communauté de communes de Noblat;87
200040814;Communauté de communes Briance Sud Haute Vienne;87
248719338;Communauté de communes Briance-Combade;87
200068369;Communauté de communes de Mirecourt Dompaire;88
200068682;Communauté de communes Terre d'Eau;88
200068773;Communauté de communes des Vosges côté Sud Ouest;88
200071066;Communauté d'agglomération de Saint-Dié-des-Vosges;88
200005957;Communauté de communes de la Région de Rambervillers;88
200068559;Communauté de communes de l'Ouest Vosgien;88
200068757;Communauté d'agglomération d'Épinal;88
200096634;Communauté de communes des Hautes Vosges;88
200042000;Communauté de communes Bruyères-Vallons des Vosges;88
200033868;Communauté de communes des Ballons des Hautes-Vosges;88
200096642;Communauté de communes Gérardmer Hautes Vosges;88
200068377;Communauté de communes de la Porte des Vosges Méridionales;88
200067080;Communauté de communes Chablis Villages et Terroirs;89
248900524;Communauté de communes de l'Aillantais en Bourgogne;89
200039642;Communauté de communes Le Tonnerrois en Bourgogne;89
200067130;Communauté de communes de Puisaye-Forterre;89
200039709;Communauté de communes du Serein;89
200039758;Communauté de communes Avallon, Vézelay, Morvan;89
200067114;Communauté d'agglomération de l'Auxerrois;89
248900664;Communauté de communes de la Vanne et du Pays d'Othe;89
248900334;Communauté d'agglomération du Grand Sénonais;89
248900383;Communauté de communes de l'Agglomération Migennoise;89
200067304;Communauté de communes Serein et Armance;89
248900748;Communauté de communes du Gâtinais en Bourgogne;89
248900938;Communauté de communes du Jovinien;89
248900896;Communauté de communes Yonne Nord;89
200069052;Communauté d'agglomération Grand Belfort;90
200069060;Communauté de communes des Vosges du Sud;90
249000241;Communauté de communes du Sud Territoire;90
200017846;Communauté d'agglomération Étampois Sud Essonne;91
249100074;Communauté de communes du Pays de Limours (CCPL);91
200057859;Communauté d'agglomération Cœur d'Essonne Agglomération;91
249100546;Communauté de communes du Val d'Essonne (CCVE);91
249100553;Communauté de communes Entre Juine et Renarde (CCEJR);91
200056232;Communauté d'agglomération Communauté Paris-Saclay;91
249100157;Communauté de communes des Deux Vallées;91
200059228;Communauté d'agglomération Grand Paris Sud Seine Essonne Sénart;91
200058477;Communauté d'agglomération Val d'Yerres Val de Seine;91
249100595;Communauté de communes Le Dourdannais en Hurepoix (CCDH);91
200035970;Communauté de communes Vexin Centre;95
249500513;Communauté de communes du Vexin-Val de Seine;95
200056380;Communauté d'agglomération Plaine Vallée;95
200055655;Communauté d'agglomération Roissy Pays de France;95
249500430;Communauté de communes Sausseron Impressionnistes;95
200073013;Communauté de communes Carnelle Pays-de-France;95
200058485;Communauté d'agglomération Val Parisis;95
249500489;Communauté de communes du Haut Val d'Oise;95
249500455;Communauté de communes de la Vallée de l'Oise et des Trois Forêts;95
249500109;Communauté d'agglomération de Cergy-Pontoise;95
200018653;Communauté d'agglomération Cap Excellence;971
200044691;Communauté d'agglomération du Nord Grande Terre;971
249710070;Communauté d'agglomération Grand Sud Caraïbe;971
249710047;Communauté de communes de Marie-Galante;971
200041507;Communauté d'agglomération La Riviera du Levant;971
249710062;Communauté d'agglomération du Nord Basse-Terre;971
200041788;Communauté d'agglomération du Pays Nord Martinique;972
249720053;Communauté d'agglomération de l'Espace Sud de la Martinique;972
249720061;Communauté d'agglomération du Centre de la Martinique;972
249730052;Communauté de communes de l'Est Guyanais;973
249730045;Communauté d'agglomération du Centre Littoral;973
200027548;Communauté de communes des Savanes;973
249730037;Communauté de communes de l'Ouest Guyanais;973
249740077;Communauté d'agglomération CIVIS (Communauté Intercommunale des Villes Solidaires);974
249740093;Communauté d'agglomération Intercommunale de la Réunion Est (CIREST);974
249740085;Communauté d'agglomération du Sud;974
249740101;Communauté d'agglomération Territoire de la Côte Ouest (TCO);974
249740119;Communauté d'agglomération Intercommunale du Nord de la Réunion (CINOR);974
200060465;Communauté d'agglomération du Grand Nord de Mayotte;976
200060473;Communauté de communes du Sud;976
200059871;Communauté de communes du Centre-Ouest;976
200060457;Communauté d'agglomération de Dembeni / Mamoudzou;976
200050532;Communauté de communes de Petite-Terre;976
